product_id,Tags
4,buy1get1
5,buy1get1
6,buy1get1
8,buy1get1
9,buy1get1
12,buy1get1
13,buy1get1
16,buy1get1
18,buy1get1
22,buy1get1
39,buy1get1
50,buy1get1
57,buy1get1
84,buy1get1
89,buy1get1
90,buy1get1
143,buy1get1
144,buy1get1
157,buy1get1
194,buy1get1
201,buy1get1
203,buy1get1
206,buy1get1
208,buy1get1
209,buy1get1
213,buy1get1
214,buy1get1
216,buy1get1
227,buy1get1
234,buy1get1
241,buy1get1
243,buy1get1
271,buy1get1
272,buy1get1
302,buy1get1
304,buy1get1
454,buy1get1
462,buy1get1
463,buy1get1
464,buy1get1
487,buy1get1
510,buy1get1
725,buy1get1
731,buy1get1
732,buy1get1
733,buy1get1
736,buy1get1
737,buy1get1
738,buy1get1
739,buy1get1
924,buy1get1
927,buy1get1
929,buy1get1
930,buy1get1
931,buy1get1
932,buy1get1
933,buy1get1
943,buy1get1
973,buy1get1
977,buy1get1
978,buy1get1
981,buy1get1
2179,buy1get1
2186,buy1get1
2219,buy1get1
5625,buy1get1
5626,buy1get1
5630,buy1get1
5631,buy1get1
5633,buy1get1
5634,buy1get1
5635,buy1get1
5637,buy1get1
5894,buy1get1
5895,buy1get1
5896,buy1get1
5897,buy1get1
5899,buy1get1
5900,buy1get1
5901,buy1get1
5902,buy1get1
5903,buy1get1
5904,buy1get1
5905,buy1get1
5907,buy1get1
5908,buy1get1
5909,buy1get1
5910,buy1get1
5911,buy1get1
5912,buy1get1
5913,buy1get1
5914,buy1get1
5958,buy1get1
6071,buy1get1
6073,buy1get1
6079,buy1get1
6082,buy1get1
6083,buy1get1
6328,buy1get1
6329,buy1get1
6340,buy1get1
7725,buy1get1
8988,buy1get1
9372,buy1get1
9458,buy1get1
9788,buy1get1
9789,buy1get1
9848,buy1get1
9849,buy1get1
9850,buy1get1
9861,buy1get1
9863,buy1get1
9872,buy1get1
9875,buy1get1
9876,buy1get1
10079,buy1get1
10080,buy1get1
10081,buy1get1
10091,buy1get1
10125,buy1get1
10190,buy1get1
10253,buy1get1
10255,buy1get1
10259,buy1get1
10261,buy1get1
10264,buy1get1
10265,buy1get1
10269,buy1get1
10270,buy1get1
10271,buy1get1
10286,buy1get1
10287,buy1get1
10291,buy1get1
10387,buy1get1
10398,buy1get1
10402,buy1get1
10406,buy1get1
10407,buy1get1
10409,buy1get1
10410,buy1get1
10411,buy1get1
10412,buy1get1
10414,buy1get1
10417,buy1get1
10426,buy1get1
10428,buy1get1
10432,buy1get1
10571,buy1get1
10573,buy1get1
10574,buy1get1
10575,buy1get1
10576,buy1get1
10577,buy1get1
10578,buy1get1
10579,buy1get1
10580,buy1get1
10581,buy1get1
10582,buy1get1
10586,buy1get1
10587,buy1get1
10588,buy1get1
10589,buy1get1
10590,buy1get1
10591,buy1get1
10592,buy1get1
10593,buy1get1
10594,buy1get1
10595,buy1get1
10596,buy1get1
10598,buy1get1
10600,buy1get1
10602,buy1get1
10603,buy1get1
10604,buy1get1
10741,buy1get1
11034,buy1get1
11036,buy1get1
11039,buy1get1
11040,buy1get1
11059,buy1get1
11060,buy1get1
11064,buy1get1
11067,buy1get1
11069,buy1get1
11070,buy1get1
11073,buy1get1
11074,buy1get1
11075,buy1get1
11079,buy1get1
11082,buy1get1
11083,buy1get1
11084,buy1get1
11085,buy1get1
11086,buy1get1
11090,buy1get1
11091,buy1get1
11092,buy1get1
11095,buy1get1
11109,buy1get1
11115,buy1get1
11148,buy1get1
11153,buy1get1
11154,buy1get1
11157,buy1get1
11158,buy1get1
11161,buy1get1
11592,buy1get1
11594,buy1get1
11596,buy1get1
11598,buy1get1
11599,buy1get1
11601,buy1get1
11602,buy1get1
11607,buy1get1
11617,buy1get1
12465,buy1get1
12971,buy1get1
13159,buy1get1
13160,buy1get1
13164,buy1get1
13165,buy1get1
13166,buy1get1
13167,buy1get1
13168,buy1get1
13170,buy1get1
13171,buy1get1
13172,buy1get1
13173,buy1get1
13174,buy1get1
13175,buy1get1
13176,buy1get1
13177,buy1get1
13178,buy1get1
13180,buy1get1
13293,buy1get1
13294,buy1get1
13295,buy1get1
13296,buy1get1
13297,buy1get1
13298,buy1get1
13299,buy1get1
13301,buy1get1
13302,buy1get1
13303,buy1get1
13304,buy1get1
13305,buy1get1
13306,buy1get1
13307,buy1get1
13310,buy1get1
13311,buy1get1
13312,buy1get1
13313,buy1get1
13314,buy1get1
13315,buy1get1
13316,buy1get1
13317,buy1get1
13318,buy1get1
13319,buy1get1
13321,buy1get1
13322,buy1get1
13324,buy1get1
13326,buy1get1
13328,buy1get1
13329,buy1get1
13330,buy1get1
13331,buy1get1
13332,buy1get1
13333,buy1get1
13337,buy1get1
13338,buy1get1
13505,buy1get1
13511,buy1get1
13905,buy1get1
13906,buy1get1
13907,buy1get1
13908,buy1get1
13911,buy1get1
13913,buy1get1
13916,buy1get1
13917,buy1get1
13918,buy1get1
13923,buy1get1
13929,buy1get1
13930,buy1get1
13933,buy1get1
14166,buy1get1
14333,buy1get1
14453,buy1get1
14458,buy1get1
14460,buy1get1
14461,buy1get1
14465,buy1get1
14467,buy1get1
14482,buy1get1
14483,buy1get1
14503,buy1get1
14504,buy1get1
14505,buy1get1
14506,buy1get1
14509,buy1get1
14510,buy1get1
14515,buy1get1
14517,buy1get1
14521,buy1get1
14524,buy1get1
14527,buy1get1
14528,buy1get1
14531,buy1get1
14532,buy1get1
14533,buy1get1
14567,buy1get1
14568,buy1get1
14573,buy1get1
14574,buy1get1
14575,buy1get1
14576,buy1get1
14917,buy1get1
15036,buy1get1
15044,buy1get1
15045,buy1get1
15046,buy1get1
15048,buy1get1
15050,buy1get1
15053,buy1get1
15056,buy1get1
15059,buy1get1
15609,buy1get1
15617,buy1get1
15723,buy1get1
15724,buy1get1
15726,buy1get1
15727,buy1get1
15728,buy1get1
15729,buy1get1
15730,buy1get1
15731,buy1get1
15732,buy1get1
15733,buy1get1
15734,buy1get1
15735,buy1get1
15736,buy1get1
15737,buy1get1
15738,buy1get1
15739,buy1get1
15740,buy1get1
15741,buy1get1
15742,buy1get1
15743,buy1get1
15744,buy1get1
15745,buy1get1
15746,buy1get1
15747,buy1get1
15748,buy1get1
15749,buy1get1
15750,buy1get1
15751,buy1get1
15752,buy1get1
15753,buy1get1
15754,buy1get1
15756,buy1get1
15758,buy1get1
15759,buy1get1
15760,buy1get1
15761,buy1get1
15763,buy1get1
15765,buy1get1
15766,buy1get1
15767,buy1get1
15768,buy1get1
15769,buy1get1
15770,buy1get1
15771,buy1get1
15772,buy1get1
15773,buy1get1
15774,buy1get1
15775,buy1get1
15776,buy1get1
15777,buy1get1
15778,buy1get1
15779,buy1get1
16412,buy1get1
16413,buy1get1
16415,buy1get1
16416,buy1get1
16418,buy1get1
16422,buy1get1
16424,buy1get1
16426,buy1get1
16427,buy1get1
16429,buy1get1
16430,buy1get1
16431,buy1get1
16435,buy1get1
16437,buy1get1
16438,buy1get1
16441,buy1get1
16442,buy1get1
16444,buy1get1
16625,buy1get1
16631,buy1get1
16632,buy1get1
16638,buy1get1
16806,buy1get1
16807,buy1get1
16809,buy1get1
16810,buy1get1
16811,buy1get1
16813,buy1get1
16814,buy1get1
16815,buy1get1
16817,buy1get1
16818,buy1get1
16819,buy1get1
16820,buy1get1
16821,buy1get1
16823,buy1get1
16824,buy1get1
16825,buy1get1
16826,buy1get1
16827,buy1get1
16873,buy1get1
16874,buy1get1
16875,buy1get1
16876,buy1get1
16877,buy1get1
16878,buy1get1
16879,buy1get1
16880,buy1get1
16881,buy1get1
16882,buy1get1
16883,buy1get1
16884,buy1get1
16885,buy1get1
16886,buy1get1
16887,buy1get1
16888,buy1get1
16889,buy1get1
16890,buy1get1
16891,buy1get1
16892,buy1get1
16893,buy1get1
16939,buy1get1
16940,buy1get1
16942,buy1get1
16943,buy1get1
16944,buy1get1
16945,buy1get1
16946,buy1get1
16947,buy1get1
16948,buy1get1
16949,buy1get1
16950,buy1get1
17719,buy1get1
17736,buy1get1
17737,buy1get1
17738,buy1get1
17739,buy1get1
17740,buy1get1
17742,buy1get1
17743,buy1get1
17744,buy1get1
17746,buy1get1
17747,buy1get1
17748,buy1get1
17762,buy1get1
17766,buy1get1
17789,buy1get1
17967,buy1get1
17979,buy1get1
17980,buy1get1
18004,buy1get1
18005,buy1get1
18007,buy1get1
18008,buy1get1
18010,buy1get1
18173,buy1get1
18375,buy1get1
18376,buy1get1
18377,buy1get1
18378,buy1get1
18379,buy1get1
18380,buy1get1
18381,buy1get1
18382,buy1get1
18383,buy1get1
18384,buy1get1
18385,buy1get1
18386,buy1get1
18387,buy1get1
18388,buy1get1
18389,buy1get1
18390,buy1get1
18391,buy1get1
18392,buy1get1
18393,buy1get1
18394,buy1get1
18395,buy1get1
18396,buy1get1
18397,buy1get1
18398,buy1get1
18399,buy1get1
18400,buy1get1
18401,buy1get1
18549,buy1get1
18868,buy1get1
18879,buy1get1
18881,buy1get1
18884,buy1get1
19017,buy1get1
19018,buy1get1
19019,buy1get1
19020,buy1get1
19021,buy1get1
19753,buy1get1
20126,buy1get1
20163,buy1get1
20355,buy1get1
20358,buy1get1
20359,buy1get1
20360,buy1get1
20398,buy1get1
20500,buy1get1
20507,buy1get1
20637,buy1get1
21047,buy1get1
21049,buy1get1
21051,buy1get1
21052,buy1get1
21057,buy1get1
21084,buy1get1
21087,buy1get1
21180,buy1get1
21238,buy1get1
21273,buy1get1
21276,buy1get1
21277,buy1get1
21278,buy1get1
21279,buy1get1
21280,buy1get1
21281,buy1get1
21282,buy1get1
21283,buy1get1
21284,buy1get1
21285,buy1get1
21289,buy1get1
21290,buy1get1
21292,buy1get1
21296,buy1get1
21297,buy1get1
21299,buy1get1
21300,buy1get1
21302,buy1get1
21307,buy1get1
21352,buy1get1
21360,buy1get1
21367,buy1get1
21370,buy1get1
21456,buy1get1
21675,buy1get1
22016,buy1get1
22060,buy1get1
22079,buy1get1
22081,buy1get1
22082,buy1get1
22106,buy1get1
22107,buy1get1
22108,buy1get1
22115,buy1get1
22116,buy1get1
22117,buy1get1
22120,buy1get1
22121,buy1get1
22122,buy1get1
22123,buy1get1
22125,buy1get1
22126,buy1get1
22127,buy1get1
22128,buy1get1
22133,buy1get1
22134,buy1get1
22138,buy1get1
22234,buy1get1
22235,buy1get1
22236,buy1get1
22237,buy1get1
22238,buy1get1
22239,buy1get1
22240,buy1get1
22241,buy1get1
22242,buy1get1
22243,buy1get1
22244,buy1get1
22245,buy1get1
22246,buy1get1
22247,buy1get1
22248,buy1get1
22249,buy1get1
22250,buy1get1
22251,buy1get1
22252,buy1get1
22253,buy1get1
22254,buy1get1
22459,buy1get1
22806,buy1get1
22807,buy1get1
22926,buy1get1
22927,buy1get1
22928,buy1get1
22929,buy1get1
22930,buy1get1
22931,buy1get1
22932,buy1get1
22933,buy1get1
22934,buy1get1
22935,buy1get1
22936,buy1get1
22937,buy1get1
22938,buy1get1
22939,buy1get1
22940,buy1get1
22941,buy1get1
22942,buy1get1
22943,buy1get1
22944,buy1get1
22945,buy1get1
22946,buy1get1
22947,buy1get1
22948,buy1get1
22949,buy1get1
22950,buy1get1
22951,buy1get1
22952,buy1get1
23304,buy1get1
23305,buy1get1
23306,buy1get1
23307,buy1get1
23308,buy1get1
23309,buy1get1
23310,buy1get1
23311,buy1get1
23312,buy1get1
23313,buy1get1
23314,buy1get1
23315,buy1get1
23316,buy1get1
23317,buy1get1
23318,buy1get1
23319,buy1get1
23320,buy1get1
23321,buy1get1
23322,buy1get1
23323,buy1get1
23324,buy1get1
23325,buy1get1
23326,buy1get1
23327,buy1get1
23328,buy1get1
23329,buy1get1
23330,buy1get1
23331,buy1get1
23390,buy1get1
23482,buy1get1
23484,buy1get1
23485,buy1get1
23486,buy1get1
23488,buy1get1
23489,buy1get1
23707,buy1get1
23715,buy1get1
23720,buy1get1
23763,buy1get1
23764,buy1get1
23765,buy1get1
23766,buy1get1
23847,buy1get1
23874,buy1get1
23877,buy1get1
23878,buy1get1
23882,buy1get1
23883,buy1get1
23884,buy1get1
23892,buy1get1
24138,buy1get1
24144,buy1get1
24146,buy1get1
24150,buy1get1
24152,buy1get1
24154,buy1get1
24217,buy1get1
24237,buy1get1
24243,buy1get1
24348,buy1get1
24349,buy1get1
24350,buy1get1
24352,buy1get1
24354,buy1get1
24356,buy1get1
24358,buy1get1
24360,buy1get1
24365,buy1get1
24367,buy1get1
24368,buy1get1
24369,buy1get1
24371,buy1get1
24373,buy1get1
24375,buy1get1
24376,buy1get1
24378,buy1get1
24379,buy1get1
24380,buy1get1
24381,buy1get1
24388,buy1get1
24389,buy1get1
24390,buy1get1
24391,buy1get1
24392,buy1get1
24393,buy1get1
24395,buy1get1
24397,buy1get1
24398,buy1get1
24402,buy1get1
24761,buy1get1
24762,buy1get1
24763,buy1get1
24764,buy1get1
24765,buy1get1
24770,buy1get1
58855,buy1get1
58856,buy1get1
58859,buy1get1
58860,buy1get1
58861,buy1get1
58863,buy1get1
58865,buy1get1
58867,buy1get1
58869,buy1get1
58870,buy1get1
58914,buy1get1
59060,buy1get1
59062,buy1get1
59120,buy1get1
59121,buy1get1
59122,buy1get1
59128,buy1get1
59129,buy1get1
59130,buy1get1
59132,buy1get1
59136,buy1get1
59137,buy1get1
59139,buy1get1
59141,buy1get1
59142,buy1get1
59160,buy1get1
59275,buy1get1
59375,buy1get1
59376,buy1get1
59378,buy1get1
59385,buy1get1
59473,buy1get1
59475,buy1get1
59476,buy1get1
59716,buy1get1
59718,buy1get1
59721,buy1get1
59724,buy1get1
59725,buy1get1
59726,buy1get1
59727,buy1get1
59728,buy1get1
59729,buy1get1
59730,buy1get1
59732,buy1get1
59739,buy1get1
59741,buy1get1
59742,buy1get1
59743,buy1get1
59744,buy1get1
59745,buy1get1
59780,buy1get1
59781,buy1get1
59782,buy1get1
59783,buy1get1
59798,buy1get1
59800,buy1get1
59802,buy1get1
59806,buy1get1
59809,buy1get1
59816,buy1get1
59839,buy1get1
59886,buy1get1
59937,buy1get1
59938,buy1get1
59939,buy1get1
59940,buy1get1
59941,buy1get1
59942,buy1get1
59943,buy1get1
59944,buy1get1
59945,buy1get1
59946,buy1get1
59947,buy1get1
59948,buy1get1
59949,buy1get1
59952,buy1get1
59953,buy1get1
59954,buy1get1
59955,buy1get1
59956,buy1get1
59957,buy1get1
59958,buy1get1
59959,buy1get1
59960,buy1get1
59961,buy1get1
59962,buy1get1
59963,buy1get1
59964,buy1get1
60138,buy1get1
60139,buy1get1
60140,buy1get1
60141,buy1get1
60142,buy1get1
60143,buy1get1
60144,buy1get1
60145,buy1get1
60146,buy1get1
60150,buy1get1
60151,buy1get1
60153,buy1get1
60154,buy1get1
60155,buy1get1
60156,buy1get1
60158,buy1get1
60159,buy1get1
60160,buy1get1
60162,buy1get1
60163,buy1get1
60164,buy1get1
60252,buy1get1
60256,buy1get1
60258,buy1get1
60262,buy1get1
60263,buy1get1
60264,buy1get1
60276,buy1get1
60392,buy1get1
60398,buy1get1
60399,buy1get1
60400,buy1get1
60402,buy1get1
60403,buy1get1
60404,buy1get1
60405,buy1get1
60406,buy1get1
60407,buy1get1
60408,buy1get1
60523,buy1get1
60577,buy1get1
60587,buy1get1
61009,buy1get1
61011,buy1get1
61012,buy1get1
61016,buy1get1
61018,buy1get1
61025,buy1get1
61026,buy1get1
61027,buy1get1
61028,buy1get1
61029,buy1get1
61032,buy1get1
61169,buy1get1
61177,buy1get1
61179,buy1get1
61180,buy1get1
61181,buy1get1
61183,buy1get1
61186,buy1get1
61188,buy1get1
61189,buy1get1
61198,buy1get1
61216,buy1get1
61354,buy1get1
61356,buy1get1
61357,buy1get1
61358,buy1get1
61359,buy1get1
61360,buy1get1
61361,buy1get1
61362,buy1get1
61364,buy1get1
61365,buy1get1
61366,buy1get1
61368,buy1get1
61369,buy1get1
61370,buy1get1
61371,buy1get1
61372,buy1get1
61373,buy1get1
61383,buy1get1
61390,buy1get1
61394,buy1get1
61455,buy1get1
61456,buy1get1
61457,buy1get1
61460,buy1get1
61462,buy1get1
61463,buy1get1
61464,buy1get1
61465,buy1get1
61466,buy1get1
61467,buy1get1
61468,buy1get1
61469,buy1get1
61470,buy1get1
61471,buy1get1
61579,buy1get1
61580,buy1get1
61581,buy1get1
61582,buy1get1
61583,buy1get1
61584,buy1get1
61586,buy1get1
61587,buy1get1
61588,buy1get1
61589,buy1get1
61590,buy1get1
61591,buy1get1
61592,buy1get1
61593,buy1get1
61594,buy1get1
61595,buy1get1
61597,buy1get1
61598,buy1get1
61599,buy1get1
61600,buy1get1
61601,buy1get1
61602,buy1get1
61603,buy1get1
61604,buy1get1
61605,buy1get1
61606,buy1get1
61607,buy1get1
61608,buy1get1
61609,buy1get1
61610,buy1get1
61611,buy1get1
61612,buy1get1
61613,buy1get1
61614,buy1get1
61615,buy1get1
61616,buy1get1
61617,buy1get1
61618,buy1get1
61619,buy1get1
61620,buy1get1
61621,buy1get1
61622,buy1get1
61624,buy1get1
61625,buy1get1
61626,buy1get1
61627,buy1get1
61628,buy1get1
61629,buy1get1
61630,buy1get1
61631,buy1get1
61632,buy1get1
61633,buy1get1
61634,buy1get1
61635,buy1get1
61636,buy1get1
61637,buy1get1
61639,buy1get1
61640,buy1get1
61641,buy1get1
61642,buy1get1
61643,buy1get1
61645,buy1get1
61646,buy1get1
61647,buy1get1
61648,buy1get1
61649,buy1get1
61650,buy1get1
61651,buy1get1
61653,buy1get1
61654,buy1get1
61655,buy1get1
61657,buy1get1
61658,buy1get1
61659,buy1get1
61660,buy1get1
61661,buy1get1
61687,buy1get1
61688,buy1get1
61689,buy1get1
61691,buy1get1
61695,buy1get1
61698,buy1get1
61699,buy1get1
61700,buy1get1
61701,buy1get1
61702,buy1get1
61703,buy1get1
61704,buy1get1
61705,buy1get1
61706,buy1get1
61708,buy1get1
61709,buy1get1
61710,buy1get1
61712,buy1get1
61849,buy1get1
61850,buy1get1
61851,buy1get1
61852,buy1get1
61853,buy1get1
61854,buy1get1
61855,buy1get1
61856,buy1get1
61857,buy1get1
61858,buy1get1
61859,buy1get1
61860,buy1get1
61861,buy1get1
61863,buy1get1
61864,buy1get1
61865,buy1get1
61866,buy1get1
61867,buy1get1
61868,buy1get1
61869,buy1get1
61870,buy1get1
61871,buy1get1
61872,buy1get1
61873,buy1get1
61874,buy1get1
61875,buy1get1
61876,buy1get1
61877,buy1get1
61878,buy1get1
61879,buy1get1
61880,buy1get1
61881,buy1get1
61882,buy1get1
61883,buy1get1
61884,buy1get1
61885,buy1get1
61886,buy1get1
61887,buy1get1
61888,buy1get1
61900,buy1get1
61904,buy1get1
61906,buy1get1
61907,buy1get1
61909,buy1get1
61910,buy1get1
61912,buy1get1
61914,buy1get1
61915,buy1get1
61919,buy1get1
61921,buy1get1
61922,buy1get1
61923,buy1get1
61924,buy1get1
61925,buy1get1
61926,buy1get1
61927,buy1get1
61928,buy1get1
61929,buy1get1
61935,buy1get1
61937,buy1get1
61938,buy1get1
61939,buy1get1
61940,buy1get1
61941,buy1get1
61942,buy1get1
61943,buy1get1
61944,buy1get1
61945,buy1get1
61946,buy1get1
61947,buy1get1
61948,buy1get1
61949,buy1get1
61950,buy1get1
61951,buy1get1
61952,buy1get1
61953,buy1get1
61954,buy1get1
61955,buy1get1
61956,buy1get1
61957,buy1get1
61958,buy1get1
61960,buy1get1
61961,buy1get1
61962,buy1get1
61963,buy1get1
61965,buy1get1
61967,buy1get1
61968,buy1get1
61969,buy1get1
61970,buy1get1
61973,buy1get1
62012,buy1get1
62016,buy1get1
62018,buy1get1
62080,buy1get1
62082,buy1get1
62085,buy1get1
62086,buy1get1
62088,buy1get1
62089,buy1get1
62091,buy1get1
62092,buy1get1
62093,buy1get1
62094,buy1get1
62095,buy1get1
62096,buy1get1
62097,buy1get1
62099,buy1get1
62103,buy1get1
62104,buy1get1
62106,buy1get1
62107,buy1get1
62165,buy1get1
62167,buy1get1
62211,buy1get1
62221,buy1get1
62222,buy1get1
62224,buy1get1
62228,buy1get1
62230,buy1get1
62234,buy1get1
62235,buy1get1
62236,buy1get1
62237,buy1get1
62238,buy1get1
62239,buy1get1
62240,buy1get1
62273,buy1get1
62274,buy1get1
62275,buy1get1
62276,buy1get1
62277,buy1get1
62278,buy1get1
62279,buy1get1
62280,buy1get1
62281,buy1get1
62282,buy1get1
62284,buy1get1
62285,buy1get1
62286,buy1get1
62287,buy1get1
62288,buy1get1
62290,buy1get1
62291,buy1get1
62292,buy1get1
62293,buy1get1
62296,buy1get1
62297,buy1get1
62298,buy1get1
62299,buy1get1
62300,buy1get1
62301,buy1get1
62302,buy1get1
62303,buy1get1
62304,buy1get1
62305,buy1get1
62306,buy1get1
62307,buy1get1
62308,buy1get1
62309,buy1get1
62310,buy1get1
62311,buy1get1
62312,buy1get1
62313,buy1get1
62314,buy1get1
62315,buy1get1
62318,buy1get1
62319,buy1get1
62320,buy1get1
62322,buy1get1
62323,buy1get1
62325,buy1get1
62327,buy1get1
62328,buy1get1
62329,buy1get1
62330,buy1get1
62331,buy1get1
62332,buy1get1
62333,buy1get1
62334,buy1get1
62335,buy1get1
62336,buy1get1
62337,buy1get1
62338,buy1get1
62339,buy1get1
62340,buy1get1
62342,buy1get1
62343,buy1get1
62345,buy1get1
62346,buy1get1
62347,buy1get1
62348,buy1get1
62350,buy1get1
62351,buy1get1
62352,buy1get1
62353,buy1get1
62354,buy1get1
62355,buy1get1
62356,buy1get1
62357,buy1get1
62359,buy1get1
62360,buy1get1
62365,buy1get1
62366,buy1get1
62367,buy1get1
62368,buy1get1
62369,buy1get1
62370,buy1get1
62371,buy1get1
62372,buy1get1
62373,buy1get1
62374,buy1get1
62375,buy1get1
62376,buy1get1
62377,buy1get1
62378,buy1get1
62379,buy1get1
62380,buy1get1
62390,buy1get1
62391,buy1get1
62395,buy1get1
62397,buy1get1
62398,buy1get1
62399,buy1get1
62400,buy1get1
62401,buy1get1
62403,buy1get1
62406,buy1get1
62410,buy1get1
62426,buy1get1
62430,buy1get1
62431,buy1get1
62432,buy1get1
62433,buy1get1
62435,buy1get1
62436,buy1get1
62437,buy1get1
62438,buy1get1
62439,buy1get1
62440,buy1get1
62441,buy1get1
62442,buy1get1
62443,buy1get1
62444,buy1get1
62446,buy1get1
62447,buy1get1
62448,buy1get1
62449,buy1get1
62450,buy1get1
62452,buy1get1
62453,buy1get1
62454,buy1get1
62525,buy1get1
62526,buy1get1
62530,buy1get1
62531,buy1get1
62532,buy1get1
62533,buy1get1
62534,buy1get1
62535,buy1get1
62592,buy1get1
62593,buy1get1
62594,buy1get1
62596,buy1get1
62597,buy1get1
62598,buy1get1
62599,buy1get1
62600,buy1get1
62602,buy1get1
62638,buy1get1
62639,buy1get1
62640,buy1get1
62641,buy1get1
62642,buy1get1
62643,buy1get1
62644,buy1get1
62645,buy1get1
62646,buy1get1
62647,buy1get1
62648,buy1get1
62649,buy1get1
62650,buy1get1
62651,buy1get1
62756,buy1get1
62758,buy1get1
62759,buy1get1
62760,buy1get1
62762,buy1get1
62808,buy1get1
62812,buy1get1
62813,buy1get1
62818,buy1get1
62821,buy1get1
62822,buy1get1
62824,buy1get1
62858,buy1get1
62859,buy1get1
62860,buy1get1
62861,buy1get1
62863,buy1get1
62866,buy1get1
62867,buy1get1
62868,buy1get1
62869,buy1get1
62870,buy1get1
62871,buy1get1
62872,buy1get1
62873,buy1get1
62874,buy1get1
62971,buy1get1
62972,buy1get1
62973,buy1get1
62975,buy1get1
62976,buy1get1
62977,buy1get1
62979,buy1get1
62980,buy1get1
62981,buy1get1
62982,buy1get1
62983,buy1get1
62985,buy1get1
62986,buy1get1
62987,buy1get1
62988,buy1get1
63010,buy1get1
63012,buy1get1
63013,buy1get1
63015,buy1get1
63019,buy1get1
63020,buy1get1
63021,buy1get1
63022,buy1get1
63023,buy1get1
63025,buy1get1
63026,buy1get1
63027,buy1get1
63028,buy1get1
63029,buy1get1
63030,buy1get1
63032,buy1get1
63033,buy1get1
63034,buy1get1
63035,buy1get1
63038,buy1get1
63039,buy1get1
63040,buy1get1
63041,buy1get1
63042,buy1get1
63044,buy1get1
63046,buy1get1
63047,buy1get1
63048,buy1get1
63049,buy1get1
63050,buy1get1
63051,buy1get1
63052,buy1get1
63053,buy1get1
63055,buy1get1
63075,buy1get1
63076,buy1get1
63077,buy1get1
63078,buy1get1
63079,buy1get1
63080,buy1get1
63082,buy1get1
63084,buy1get1
63085,buy1get1
63086,buy1get1
63087,buy1get1
63088,buy1get1
63089,buy1get1
63090,buy1get1
63092,buy1get1
63094,buy1get1
63095,buy1get1
63096,buy1get1
63097,buy1get1
63098,buy1get1
63099,buy1get1
63120,buy1get1
63132,buy1get1
63133,buy1get1
63134,buy1get1
63135,buy1get1
63136,buy1get1
63137,buy1get1
63138,buy1get1
63139,buy1get1
63140,buy1get1
63150,buy1get1
63151,buy1get1
63152,buy1get1
63153,buy1get1
63154,buy1get1
63155,buy1get1
63156,buy1get1
63157,buy1get1
63158,buy1get1
63160,buy1get1
63163,buy1get1
63165,buy1get1
63166,buy1get1
63167,buy1get1
63168,buy1get1
63169,buy1get1
63171,buy1get1
63172,buy1get1
63177,buy1get1
63178,buy1get1
63217,buy1get1
63218,buy1get1
63225,buy1get1
63226,buy1get1
63227,buy1get1
63228,buy1get1
63229,buy1get1
63231,buy1get1
63233,buy1get1
63280,buy1get1
63281,buy1get1
63285,buy1get1
63287,buy1get1
63288,buy1get1
63292,buy1get1
63293,buy1get1
63294,buy1get1
63295,buy1get1
63298,buy1get1
63299,buy1get1
63300,buy1get1
63301,buy1get1
63302,buy1get1
63303,buy1get1
63304,buy1get1
63305,buy1get1
63306,buy1get1
63307,buy1get1
63308,buy1get1
63309,buy1get1
63310,buy1get1
63311,buy1get1
63312,buy1get1
63313,buy1get1
63314,buy1get1
63315,buy1get1
63316,buy1get1
63317,buy1get1
63325,buy1get1
63326,buy1get1
63327,buy1get1
63328,buy1get1
63330,buy1get1
63331,buy1get1
63335,buy1get1
63336,buy1get1
63338,buy1get1
63340,buy1get1
63345,buy1get1
63346,buy1get1
63347,buy1get1
63348,buy1get1
63349,buy1get1
63356,buy1get1
63365,buy1get1
63366,buy1get1
63371,buy1get1
63378,buy1get1
63382,buy1get1
63386,buy1get1
63404,buy1get1
63410,buy1get1
63521,buy1get1
63528,buy1get1
63531,buy1get1
63532,buy1get1
63534,buy1get1
63539,buy1get1
63562,buy1get1
63563,buy1get1
63564,buy1get1
63565,buy1get1
63566,buy1get1
63567,buy1get1
63655,buy1get1
63656,buy1get1
63657,buy1get1
63659,buy1get1
63660,buy1get1
63661,buy1get1
63662,buy1get1
63663,buy1get1
63664,buy1get1
63665,buy1get1
63666,buy1get1
63667,buy1get1
63668,buy1get1
63669,buy1get1
63670,buy1get1
63672,buy1get1
63673,buy1get1
63674,buy1get1
63675,buy1get1
63676,buy1get1
63678,buy1get1
63679,buy1get1
63680,buy1get1
63681,buy1get1
63682,buy1get1
63684,buy1get1
63686,buy1get1
63939,buy1get1
63940,buy1get1
63941,buy1get1
63943,buy1get1
63944,buy1get1
63945,buy1get1
63946,buy1get1
63947,buy1get1
63948,buy1get1
63949,buy1get1
63950,buy1get1
63951,buy1get1
63952,buy1get1
63953,buy1get1
63954,buy1get1
63955,buy1get1
63956,buy1get1
63957,buy1get1
63958,buy1get1
63959,buy1get1
63960,buy1get1
63961,buy1get1
63962,buy1get1
63963,buy1get1
63964,buy1get1
63965,buy1get1
63966,buy1get1
63967,buy1get1
63968,buy1get1
63969,buy1get1
63970,buy1get1
63971,buy1get1
63972,buy1get1
63973,buy1get1
63974,buy1get1
63975,buy1get1
63976,buy1get1
63977,buy1get1
63978,buy1get1
63979,buy1get1
63980,buy1get1
63981,buy1get1
63982,buy1get1
64027,buy1get1
64120,buy1get1
64122,buy1get1
64123,buy1get1
64124,buy1get1
64125,buy1get1
64126,buy1get1
64127,buy1get1
64129,buy1get1
64131,buy1get1
64134,buy1get1
64150,buy1get1
64151,buy1get1
64153,buy1get1
64154,buy1get1
64156,buy1get1
64157,buy1get1
64158,buy1get1
64159,buy1get1
64161,buy1get1
64162,buy1get1
64163,buy1get1
64164,buy1get1
64165,buy1get1
64166,buy1get1
64167,buy1get1
64168,buy1get1
64204,buy1get1
64206,buy1get1
64207,buy1get1
64210,buy1get1
64211,buy1get1
64213,buy1get1
64214,buy1get1
64215,buy1get1
64216,buy1get1
64218,buy1get1
64222,buy1get1
64224,buy1get1
64226,buy1get1
64227,buy1get1
64228,buy1get1
64231,buy1get1
64235,buy1get1
64237,buy1get1
64238,buy1get1
64239,buy1get1
64241,buy1get1
64242,buy1get1
64243,buy1get1
64244,buy1get1
64245,buy1get1
64246,buy1get1
64247,buy1get1
64248,buy1get1
64249,buy1get1
64254,buy1get1
64255,buy1get1
64344,buy1get1
64345,buy1get1
64346,buy1get1
64347,buy1get1
64348,buy1get1
64351,buy1get1
64352,buy1get1
64354,buy1get1
64355,buy1get1
64357,buy1get1
64360,buy1get1
64363,buy1get1
64375,buy1get1
64385,buy1get1
64388,buy1get1
64459,buy1get1
64460,buy1get1
64462,buy1get1
64463,buy1get1
64464,buy1get1
64465,buy1get1
64466,buy1get1
64467,buy1get1
64468,buy1get1
64534,buy1get1
64540,buy1get1
64566,buy1get1
64567,buy1get1
64568,buy1get1
64569,buy1get1
64570,buy1get1
64571,buy1get1
64572,buy1get1
64573,buy1get1
64574,buy1get1
64598,buy1get1
64612,buy1get1
64613,buy1get1
64614,buy1get1
64615,buy1get1
64616,buy1get1
64617,buy1get1
64618,buy1get1
64619,buy1get1
64620,buy1get1
64621,buy1get1
64622,buy1get1
64623,buy1get1
64624,buy1get1
64625,buy1get1
64628,buy1get1
64629,buy1get1
64630,buy1get1
64631,buy1get1
64633,buy1get1
64634,buy1get1
64635,buy1get1
64636,buy1get1
64676,buy1get1
64677,buy1get1
64678,buy1get1
64680,buy1get1
64681,buy1get1
64685,buy1get1
64688,buy1get1
64689,buy1get1
64690,buy1get1
64695,buy1get1
64696,buy1get1
64697,buy1get1
64698,buy1get1
64699,buy1get1
64705,buy1get1
64707,buy1get1
64708,buy1get1
64709,buy1get1
64710,buy1get1
64711,buy1get1
64712,buy1get1
64713,buy1get1
64714,buy1get1
64715,buy1get1
64716,buy1get1
64718,buy1get1
64720,buy1get1
64725,buy1get1
64727,buy1get1
64728,buy1get1
64729,buy1get1
64730,buy1get1
64731,buy1get1
64732,buy1get1
64733,buy1get1
64734,buy1get1
64735,buy1get1
64736,buy1get1
64737,buy1get1
64738,buy1get1
64745,buy1get1
64747,buy1get1
64748,buy1get1
64752,buy1get1
64754,buy1get1
64756,buy1get1
64758,buy1get1
64779,buy1get1
64780,buy1get1
64781,buy1get1
64835,buy1get1
64836,buy1get1
64837,buy1get1
64838,buy1get1
64839,buy1get1
64840,buy1get1
64841,buy1get1
64842,buy1get1
64843,buy1get1
64844,buy1get1
64845,buy1get1
64846,buy1get1
64847,buy1get1
64848,buy1get1
64849,buy1get1
64850,buy1get1
64851,buy1get1
64852,buy1get1
64853,buy1get1
64864,buy1get1
64865,buy1get1
64866,buy1get1
64867,buy1get1
64868,buy1get1
64869,buy1get1
64870,buy1get1
64871,buy1get1
64872,buy1get1
64873,buy1get1
64874,buy1get1
64875,buy1get1
64876,buy1get1
64878,buy1get1
64879,buy1get1
64880,buy1get1
64881,buy1get1
64882,buy1get1
64883,buy1get1
64884,buy1get1
64885,buy1get1
64886,buy1get1
64887,buy1get1
64888,buy1get1
64889,buy1get1
64890,buy1get1
64891,buy1get1
64892,buy1get1
64894,buy1get1
64895,buy1get1
64896,buy1get1
64897,buy1get1
64898,buy1get1
64899,buy1get1
64900,buy1get1
64901,buy1get1
64903,buy1get1
64904,buy1get1
64905,buy1get1
64906,buy1get1
65021,buy1get1
65022,buy1get1
65023,buy1get1
65024,buy1get1
65025,buy1get1
65026,buy1get1
65027,buy1get1
65028,buy1get1
65029,buy1get1
65030,buy1get1
65067,buy1get1
65068,buy1get1
65069,buy1get1
65070,buy1get1
65071,buy1get1
65072,buy1get1
65073,buy1get1
65074,buy1get1
65153,buy1get1
65154,buy1get1
65155,buy1get1
65156,buy1get1
65157,buy1get1
65158,buy1get1
65159,buy1get1
65160,buy1get1
65161,buy1get1
65162,buy1get1
65163,buy1get1
65164,buy1get1
65165,buy1get1
65166,buy1get1
65167,buy1get1
65168,buy1get1
65170,buy1get1
65171,buy1get1
65172,buy1get1
65173,buy1get1
65174,buy1get1
65175,buy1get1
65176,buy1get1
65177,buy1get1
65178,buy1get1
65179,buy1get1
65180,buy1get1
65181,buy1get1
65182,buy1get1
65183,buy1get1
65184,buy1get1
65185,buy1get1
65186,buy1get1
65187,buy1get1
65188,buy1get1
65189,buy1get1
65190,buy1get1
65191,buy1get1
65192,buy1get1
65193,buy1get1
65194,buy1get1
65195,buy1get1
65196,buy1get1
65197,buy1get1
65198,buy1get1
65199,buy1get1
65200,buy1get1
65201,buy1get1
65202,buy1get1
65203,buy1get1
65204,buy1get1
65205,buy1get1
65206,buy1get1
65214,buy1get1
65217,buy1get1
65220,buy1get1
65222,buy1get1
65224,buy1get1
65240,buy1get1
65241,buy1get1
65242,buy1get1
65243,buy1get1
65244,buy1get1
65245,buy1get1
65246,buy1get1
65247,buy1get1
65248,buy1get1
65249,buy1get1
65252,buy1get1
65253,buy1get1
65254,buy1get1
65255,buy1get1
65256,buy1get1
65257,buy1get1
65259,buy1get1
65260,buy1get1
65261,buy1get1
65262,buy1get1
65263,buy1get1
65265,buy1get1
65266,buy1get1
65267,buy1get1
65268,buy1get1
65269,buy1get1
65335,buy1get1
65338,buy1get1
65342,buy1get1
65343,buy1get1
65347,buy1get1
65349,buy1get1
65351,buy1get1
65352,buy1get1
65353,buy1get1
65462,buy1get1
65463,buy1get1
65466,buy1get1
65467,buy1get1
65473,buy1get1
65475,buy1get1
65477,buy1get1
65479,buy1get1
65485,buy1get1
65489,buy1get1
65516,buy1get1
65517,buy1get1
65519,buy1get1
65520,buy1get1
65521,buy1get1
65522,buy1get1
65523,buy1get1
65524,buy1get1
65525,buy1get1
65526,buy1get1
65529,buy1get1
65533,buy1get1
65534,buy1get1
65535,buy1get1
65536,buy1get1
65545,buy1get1
65546,buy1get1
65547,buy1get1
65646,buy1get1
65647,buy1get1
65650,buy1get1
65651,buy1get1
65652,buy1get1
65653,buy1get1
65654,buy1get1
65655,buy1get1
65656,buy1get1
65688,buy1get1
65690,buy1get1
65694,buy1get1
65695,buy1get1
65703,buy1get1
65707,buy1get1
65710,buy1get1
65711,buy1get1
65712,buy1get1
65714,buy1get1
65715,buy1get1
65717,buy1get1
65718,buy1get1
65719,buy1get1
65720,buy1get1
65721,buy1get1
65724,buy1get1
65727,buy1get1
65728,buy1get1
65750,buy1get1
65762,buy1get1
65763,buy1get1
65764,buy1get1
65765,buy1get1
65766,buy1get1
65767,buy1get1
65768,buy1get1
65769,buy1get1
65770,buy1get1
65771,buy1get1
65772,buy1get1
65773,buy1get1
65774,buy1get1
65775,buy1get1
65776,buy1get1
66030,buy1get1
66031,buy1get1
66254,buy1get1
66255,buy1get1
66256,buy1get1
66310,buy1get1
66311,buy1get1
66312,buy1get1
66313,buy1get1
66314,buy1get1
66315,buy1get1
66316,buy1get1
66317,buy1get1
66318,buy1get1
66319,buy1get1
66320,buy1get1
66321,buy1get1
66322,buy1get1
66323,buy1get1
66324,buy1get1
66325,buy1get1
66326,buy1get1
66327,buy1get1
66328,buy1get1
66329,buy1get1
66330,buy1get1
66331,buy1get1
66332,buy1get1
66333,buy1get1
66334,buy1get1
66335,buy1get1
66336,buy1get1
66337,buy1get1
66338,buy1get1
66339,buy1get1
66340,buy1get1
66341,buy1get1
66342,buy1get1
66343,buy1get1
66344,buy1get1
66345,buy1get1
66346,buy1get1
66347,buy1get1
66348,buy1get1
66349,buy1get1
66350,buy1get1
66371,buy1get1
66372,buy1get1
66373,buy1get1
66375,buy1get1
66376,buy1get1
66378,buy1get1
66379,buy1get1
66380,buy1get1
66384,buy1get1
66385,buy1get1
66386,buy1get1
66387,buy1get1
66388,buy1get1
66389,buy1get1
66390,buy1get1
66391,buy1get1
66392,buy1get1
66393,buy1get1
66395,buy1get1
66396,buy1get1
66397,buy1get1
66398,buy1get1
66399,buy1get1
66400,buy1get1
66401,buy1get1
66402,buy1get1
66403,buy1get1
66404,buy1get1
66441,buy1get1
66442,buy1get1
66443,buy1get1
66444,buy1get1
66445,buy1get1
66449,buy1get1
66542,buy1get1
66543,buy1get1
66546,buy1get1
66547,buy1get1
66550,buy1get1
66557,buy1get1
66558,buy1get1
66559,buy1get1
66560,buy1get1
66561,buy1get1
66563,buy1get1
66564,buy1get1
66566,buy1get1
66569,buy1get1
66596,buy1get1
66681,buy1get1
66780,buy1get1
66782,buy1get1
66784,buy1get1
66885,buy1get1
66902,buy1get1
66961,buy1get1
66962,buy1get1
66963,buy1get1
66964,buy1get1
66965,buy1get1
66966,buy1get1
66967,buy1get1
66968,buy1get1
66969,buy1get1
66970,buy1get1
66971,buy1get1
66972,buy1get1
66973,buy1get1
66974,buy1get1
66975,buy1get1
66976,buy1get1
66977,buy1get1
66978,buy1get1
66979,buy1get1
66980,buy1get1
66981,buy1get1
66982,buy1get1
66983,buy1get1
66984,buy1get1
66985,buy1get1
66986,buy1get1
66987,buy1get1
66988,buy1get1
66989,buy1get1
66990,buy1get1
66991,buy1get1
66992,buy1get1
66993,buy1get1
66994,buy1get1
66995,buy1get1
66996,buy1get1
66997,buy1get1
66998,buy1get1
66999,buy1get1
67000,buy1get1
67001,buy1get1
67002,buy1get1
67135,buy1get1
67139,buy1get1
67142,buy1get1
67144,buy1get1
67145,buy1get1
67146,buy1get1
67151,buy1get1
67154,buy1get1
67156,buy1get1
67160,buy1get1
67170,buy1get1
67172,buy1get1
67179,buy1get1
67180,buy1get1
67187,buy1get1
67188,buy1get1
67190,buy1get1
67192,buy1get1
67193,buy1get1
67197,buy1get1
67205,buy1get1
67206,buy1get1
67208,buy1get1
67212,buy1get1
67213,buy1get1
67300,buy1get1
67302,buy1get1
67304,buy1get1
67306,buy1get1
67308,buy1get1
67309,buy1get1
67456,buy1get1
67457,buy1get1
67458,buy1get1
67459,buy1get1
67460,buy1get1
67461,buy1get1
67462,buy1get1
67463,buy1get1
67464,buy1get1
67465,buy1get1
67466,buy1get1
67467,buy1get1
67468,buy1get1
67469,buy1get1
67470,buy1get1
67471,buy1get1
67472,buy1get1
67473,buy1get1
67474,buy1get1
67475,buy1get1
67476,buy1get1
67477,buy1get1
67478,buy1get1
67479,buy1get1
67480,buy1get1
67481,buy1get1
67482,buy1get1
67483,buy1get1
67484,buy1get1
67485,buy1get1
67486,buy1get1
67487,buy1get1
67502,buy1get1
67504,buy1get1
67506,buy1get1
67509,buy1get1
67510,buy1get1
67511,buy1get1
67512,buy1get1
67513,buy1get1
67514,buy1get1
67515,buy1get1
67516,buy1get1
67517,buy1get1
67518,buy1get1
67520,buy1get1
67521,buy1get1
67522,buy1get1
67523,buy1get1
67524,buy1get1
67525,buy1get1
67527,buy1get1
67528,buy1get1
67529,buy1get1
67530,buy1get1
67531,buy1get1
67533,buy1get1
67535,buy1get1
67568,buy1get1
67569,buy1get1
67574,buy1get1
67575,buy1get1
67642,buy1get1
67647,buy1get1
67648,buy1get1
67708,buy1get1
67709,buy1get1
67710,buy1get1
67711,buy1get1
67712,buy1get1
67713,buy1get1
67714,buy1get1
67715,buy1get1
67716,buy1get1
67717,buy1get1
67718,buy1get1
67719,buy1get1
67720,buy1get1
67721,buy1get1
67722,buy1get1
67723,buy1get1
67724,buy1get1
67725,buy1get1
67726,buy1get1
67727,buy1get1
67728,buy1get1
67729,buy1get1
67730,buy1get1
67731,buy1get1
67732,buy1get1
67733,buy1get1
67734,buy1get1
67735,buy1get1
67736,buy1get1
67737,buy1get1
67738,buy1get1
67739,buy1get1
67740,buy1get1
67741,buy1get1
67742,buy1get1
67743,buy1get1
67744,buy1get1
67745,buy1get1
67746,buy1get1
67747,buy1get1
67748,buy1get1
67749,buy1get1
67750,buy1get1
67751,buy1get1
67752,buy1get1
67753,buy1get1
67754,buy1get1
67755,buy1get1
67756,buy1get1
67757,buy1get1
67758,buy1get1
67759,buy1get1
67760,buy1get1
67761,buy1get1
67762,buy1get1
67763,buy1get1
67764,buy1get1
67765,buy1get1
67766,buy1get1
67767,buy1get1
67835,buy1get1
67836,buy1get1
67837,buy1get1
67838,buy1get1
67839,buy1get1
67840,buy1get1
67841,buy1get1
67842,buy1get1
67843,buy1get1
67844,buy1get1
67845,buy1get1
67846,buy1get1
67847,buy1get1
67848,buy1get1
67849,buy1get1
67850,buy1get1
67882,buy1get1
67883,buy1get1
67884,buy1get1
67894,buy1get1
67905,buy1get1
67914,buy1get1
67930,buy1get1
67931,buy1get1
67932,buy1get1
67933,buy1get1
67934,buy1get1
67935,buy1get1
67936,buy1get1
67937,buy1get1
67938,buy1get1
67939,buy1get1
67940,buy1get1
67941,buy1get1
67942,buy1get1
67943,buy1get1
67944,buy1get1
67945,buy1get1
67947,buy1get1
67948,buy1get1
67949,buy1get1
67950,buy1get1
67951,buy1get1
67952,buy1get1
67953,buy1get1
67954,buy1get1
67955,buy1get1
67956,buy1get1
67957,buy1get1
67958,buy1get1
67959,buy1get1
67960,buy1get1
67961,buy1get1
67962,buy1get1
67963,buy1get1
67964,buy1get1
67965,buy1get1
67966,buy1get1
67967,buy1get1
67968,buy1get1
67969,buy1get1
67970,buy1get1
67972,buy1get1
67974,buy1get1
67978,buy1get1
67979,buy1get1
67986,buy1get1
67991,buy1get1
67993,buy1get1
67994,buy1get1
67996,buy1get1
67997,buy1get1
67998,buy1get1
68000,buy1get1
68002,buy1get1
68003,buy1get1
68004,buy1get1
68006,buy1get1
68010,buy1get1
68011,buy1get1
68012,buy1get1
68014,buy1get1
68016,buy1get1
68017,buy1get1
68018,buy1get1
68019,buy1get1
68020,buy1get1
68021,buy1get1
68022,buy1get1
68023,buy1get1
68024,buy1get1
68029,buy1get1
68030,buy1get1
68035,buy1get1
68036,buy1get1
68039,buy1get1
68040,buy1get1
68041,buy1get1
68042,buy1get1
68043,buy1get1
68044,buy1get1
68045,buy1get1
68046,buy1get1
68047,buy1get1
68050,buy1get1
68051,buy1get1
68053,buy1get1
68057,buy1get1
68062,buy1get1
68063,buy1get1
68065,buy1get1
68066,buy1get1
68067,buy1get1
68068,buy1get1
68075,buy1get1
68076,buy1get1
68077,buy1get1
68082,buy1get1
68083,buy1get1
68084,buy1get1
68087,buy1get1
68089,buy1get1
68090,buy1get1
68091,buy1get1
68092,buy1get1
68095,buy1get1
68096,buy1get1
68097,buy1get1
68098,buy1get1
68099,buy1get1
68100,buy1get1
68101,buy1get1
68102,buy1get1
68103,buy1get1
68104,buy1get1
68105,buy1get1
68106,buy1get1
68107,buy1get1
68108,buy1get1
68109,buy1get1
68110,buy1get1
68117,buy1get1
68118,buy1get1
68120,buy1get1
68122,buy1get1
68123,buy1get1
68124,buy1get1
68125,buy1get1
68126,buy1get1
68127,buy1get1
68128,buy1get1
68129,buy1get1
68130,buy1get1
68131,buy1get1
68132,buy1get1
68133,buy1get1
68134,buy1get1
68135,buy1get1
68136,buy1get1
68137,buy1get1
68138,buy1get1
68139,buy1get1
68172,buy1get1
68176,buy1get1
68177,buy1get1
68181,buy1get1
68182,buy1get1
68183,buy1get1
68184,buy1get1
68185,buy1get1
68186,buy1get1
68187,buy1get1
68188,buy1get1
68189,buy1get1
68190,buy1get1
68191,buy1get1
68193,buy1get1
68194,buy1get1
68195,buy1get1
68196,buy1get1
68197,buy1get1
68198,buy1get1
68199,buy1get1
68200,buy1get1
68201,buy1get1
68202,buy1get1
68203,buy1get1
68204,buy1get1
68205,buy1get1
68206,buy1get1
68208,buy1get1
68211,buy1get1
68212,buy1get1
68213,buy1get1
68215,buy1get1
68216,buy1get1
68217,buy1get1
68219,buy1get1
68220,buy1get1
68221,buy1get1
68223,buy1get1
68224,buy1get1
68225,buy1get1
68226,buy1get1
68227,buy1get1
68229,buy1get1
68230,buy1get1
68231,buy1get1
68232,buy1get1
68233,buy1get1
68234,buy1get1
68235,buy1get1
68236,buy1get1
68237,buy1get1
68238,buy1get1
68239,buy1get1
68240,buy1get1
68241,buy1get1
68242,buy1get1
68243,buy1get1
68244,buy1get1
68245,buy1get1
68246,buy1get1
68247,buy1get1
68248,buy1get1
68249,buy1get1
68250,buy1get1
68251,buy1get1
68252,buy1get1
68253,buy1get1
68269,buy1get1
68270,buy1get1
68271,buy1get1
68289,buy1get1
68361,buy1get1
68362,buy1get1
68363,buy1get1
68364,buy1get1
68365,buy1get1
68366,buy1get1
68367,buy1get1
68368,buy1get1
68369,buy1get1
68370,buy1get1
68371,buy1get1
68372,buy1get1
68373,buy1get1
68374,buy1get1
68375,buy1get1
68376,buy1get1
68377,buy1get1
68378,buy1get1
68379,buy1get1
68380,buy1get1
68382,buy1get1
68383,buy1get1
68384,buy1get1
68386,buy1get1
68387,buy1get1
68388,buy1get1
68390,buy1get1
68391,buy1get1
68392,buy1get1
68394,buy1get1
68401,buy1get1
68404,buy1get1
68434,buy1get1
68435,buy1get1
68436,buy1get1
68437,buy1get1
68438,buy1get1
68439,buy1get1
68440,buy1get1
68441,buy1get1
68442,buy1get1
68443,buy1get1
68444,buy1get1
68445,buy1get1
68446,buy1get1
68447,buy1get1
68448,buy1get1
68449,buy1get1
68450,buy1get1
68451,buy1get1
68452,buy1get1
68453,buy1get1
68454,buy1get1
68455,buy1get1
68456,buy1get1
68457,buy1get1
68458,buy1get1
68459,buy1get1
68460,buy1get1
68461,buy1get1
68462,buy1get1
68463,buy1get1
68464,buy1get1
68465,buy1get1
68466,buy1get1
68467,buy1get1
68468,buy1get1
68469,buy1get1
68470,buy1get1
68471,buy1get1
68472,buy1get1
68473,buy1get1
68474,buy1get1
68475,buy1get1
68476,buy1get1
68477,buy1get1
68478,buy1get1
68479,buy1get1
68480,buy1get1
68481,buy1get1
68482,buy1get1
68483,buy1get1
68519,buy1get1
68520,buy1get1
68521,buy1get1
68522,buy1get1
68523,buy1get1
68524,buy1get1
68525,buy1get1
68526,buy1get1
68527,buy1get1
68528,buy1get1
68558,buy1get1
